{
	"ambientocclusion": false,
	"textures": {
		"particle": "block/bush",
		"cross": "block/bush"
	},
	"elements": [
		{
			"from": [-3, -1, 12.5],
			"to": [19, 17, 12.5],
			"shade": false,
			"rotation": {"angle": 22.5, "axis": "y", "origin": [8, 0, 12.5]},
			"faces": {
				"north": {"uv": [0, 0, 16, 16], "texture": "#cross", "tintindex": 0},
				"south": {"uv": [16, 0, 0, 16], "texture": "#cross", "tintindex": 0}
			}
		},
		{
			"from": [-3, 0, 5.5],
			"to": [19, 22, 5.5],
			"shade": false,
			"rotation": {"angle": -45, "axis": "y", "origin": [8, 0, 5.5]},
			"faces": {
				"north": {"uv": [16, 0, 0, 16], "texture": "#cross", "tintindex": 0},
				"south": {"uv": [0, 0, 16, 16], "texture": "#cross", "tintindex": 0}
			}
		},
		{
			"from": [4, -1, -3.5],
			"to": [4, 19, 18.5],
			"shade": false,
			"rotation": {"angle": 0, "axis": "z", "origin": [4, -1, 7.5]},
			"faces": {
				"east": {"uv": [0, 0, 16, 16], "texture": "#cross", "tintindex": 0},
				"west": {"uv": [16, 0, 0, 16], "texture": "#cross", "tintindex": 0}
			}
		}
	]
}