{
	"ambientocclusion": false,
	"textures": {
		"particle": "block/bush",
		"cross": "block/bush"
	},
	"elements": [
		{
			"from": [-5, -1, 7],
			"to": [23, 19, 7],
			"shade": false,
			"rotation": {"angle": 45, "axis": "y", "origin": [10, 0, 7]},
			"faces": {
				"north": {"uv": [0, 0, 16, 16], "texture": "#cross", "tintindex": 0},
				"south": {"uv": [16, 0, 0, 16], "texture": "#cross", "tintindex": 0}
			}
		},
		{
			"from": [10, 0, -7],
			"to": [10, 22, 21],
			"shade": false,
			"rotation": {"angle": 45, "axis": "y", "origin": [10, 0, 7]},
			"faces": {
				"east": {"uv": [0, 0, 16, 16], "texture": "#cross", "tintindex": 0},
				"west": {"uv": [16, 0, 0, 16], "texture": "#cross", "tintindex": 0}
			}
		},
		{
			"from": [-2, 0, 6],
			"to": [20, 20, 6],
			"shade": false,
			"rotation": {"angle": -22.5, "axis": "x", "origin": [8, 0, 6]},
			"faces": {
				"north": {"uv": [16, 0, 0, 16], "texture": "#cross", "tintindex": 0},
				"south": {"uv": [0, 0, 16, 16], "texture": "#cross", "tintindex": 0}
			}
		},
		{
			"from": [-4, 0, 9],
			"to": [18, 18, 9],
			"shade": false,
			"rotation": {"angle": 22.5, "axis": "x", "origin": [8, 0, 9]},
			"faces": {
				"north": {"uv": [0, 0, 16, 16], "texture": "#cross", "tintindex": 0},
				"south": {"uv": [16, 0, 0, 16], "texture": "#cross", "tintindex": 0}
			}
		}
	]
}