{
	"ambientocclusion": false,
	"textures": {
		"particle": "block/cactus_flower",
		"cross": "block/cactus_flower"
	},
	"elements": [
		{
			"from": [3, 0, 9],
			"to": [17, 12, 9],
			"shade": false,
			"rotation": {"angle": 45, "axis": "y", "origin": [9, 8, 9]},
			"faces": {
				"north": {"uv": [0, 0, 16, 16], "texture": "#cross"},
				"south": {"uv": [16, 0, 0, 16], "texture": "#cross"}
			}
		},
		{
			"from": [8, 0, -1],
			"to": [8, 14, 17],
			"shade": false,
			"rotation": {"angle": 45, "axis": "y", "origin": [8, 8, 8]},
			"faces": {
				"east": {"uv": [0, 0, 16, 16], "texture": "#cross"},
				"west": {"uv": [16, 0, 0, 16], "texture": "#cross"}
			}
		}
	]
}